"","mini","Site","Point","Year","Grain_size","Kurtosis.fw.um","Trask(So)","Gravel","Mud","OM","T_mean","T_max","T_sd","Current_mean","depth","Fetch_max"
"Belle-ile 1_2007","MBE_1","Belle-ile","Belle-ile 1",2007,2790.279,5.143,1.347,76.527,15.372,5.1692,14.0482568641814,18.1945718177927,2.60049832052541,0.180664078116127,4,81.5435236778238
"Belle-ile 1_2008","MBE_1","Belle-ile","Belle-ile 1",2008,57104.254,4.425,1.305,82.476,6.398,0.255,11.5806854771082,14.304000204429,1.70249045263404,0.185233438048567,4,81.5435236778238
"Belle-ile 1_2009","MBE_1","Belle-ile","Belle-ile 1",2009,159696.452,0.833,1.318,96.73,0.69,2.89,12.2689560923256,16.949714615808,2.72231993999191,0.181052457691595,4,81.5435236778238
"Belle-ile 1_2010","MBE_1","Belle-ile","Belle-ile 1",2010,50079.888,0.969,1.514,73.553,0.98,2.84,10.9505644479597,15.0128573809551,2.01903353036249,0.181078841074147,4,81.5435236778238
"Belle-ile 1_2011","MBE_1","Belle-ile","Belle-ile 1",2011,152365.668,2.292,1.098,97.94,0.4,3.85,12.0027363588611,15.2635716785777,2.33164206700129,0.187258882311995,4,81.5435236778238
"Belle-ile 1_2012","MBE_1","Belle-ile","Belle-ile 1",2012,81814.625,3.016,1.563,82.018,8.451,4.25,13.6523982999433,17.6357146483913,2.80053672480147,0.181122352953961,4,81.5435236778238
"Belle-ile 1_2013","MBE_1","Belle-ile","Belle-ile 1",2013,260501.694,2.047,1.794,85.31,5.18,4.85,13.4488634842755,15.893571708501,1.84135979167274,0.186490033978387,4,81.5435236778238
"Belle-ile 1_2014","MBE_1","Belle-ile","Belle-ile 1",2014,72431.965,0.979,1.849,71.943,0.95,4.35,13.0904240850112,16.3178574429393,2.08554592581366,0.188486661587106,4,81.5435236778238
"Belle-ile 1_2015","MBE_1","Belle-ile","Belle-ile 1",2015,75178.121,4.604,1.36,80.484,10.168,4.25,13.2742686013593,16.7608574639806,2.3870617972531,0.191960944428403,4,81.5435236778238
"Belle-ile 1_2016","MBE_1","Belle-ile","Belle-ile 1",2016,113620.43,0.871,1.286,95.26,0.49,3.92,13.9533399561133,16.4857145937692,1.84113112020029,0.185922696982303,4,81.5435236778238
"Belle-ile 1_2017","MBE_1","Belle-ile","Belle-ile 1",2017,100241.443,1.097,1.317,85.057,1.37,3.45,13.0347576731008,15.4354288295976,1.9231979225842,0.191751094311701,4,81.5435236778238
"Belle-ile 1_2018","MBE_1","Belle-ile","Belle-ile 1",2018,128991.137,1.174,1.273,93.6,0.57,3.89,12.6127290816269,16.0282860006139,2.03132003959745,0.185525412747754,4,81.5435236778238
"Belle-ile 2_2007","MBE_2","Belle-ile","Belle-ile 2",2007,36369.474,0.921,1.729,63.657,0.568,2.3258,14.0369928657395,18.1668337212371,2.56543066002053,0.170404109231158,3.67999997138977,83.2011958817869
"Belle-ile 2_2008","MBE_2","Belle-ile","Belle-ile 2",2008,121568.331,0.936,1.53,85.004,1.583,0.0839,11.5980018973946,14.4323335438579,1.72424085233164,0.174337082977352,3.67999997138977,83.2011958817869
"Belle-ile 2_2009","MBE_2","Belle-ile","Belle-ile 2",2009,205048.53,1.386,1.248,89.95,0.96,0.88,12.2782793874917,16.8516669921034,2.7185541236843,0.170297184221185,3.67999997138977,83.2011958817869
"Belle-ile 2_2010","MBE_2","Belle-ile","Belle-ile 2",2010,227971.943,2.064,1.575,86.281,3.35,4.59,10.9391184416913,15.0440002395771,2.03770796447378,0.169985674351705,3.67999997138977,83.2011958817869
"Belle-ile 2_2011","MBE_2","Belle-ile","Belle-ile 2",2011,82256.355,1.272,1.383,79.448,0.77,2.41,12.003840754518,15.2515002494329,2.31725057996905,0.175981295895148,3.67999997138977,83.2011958817869
"Belle-ile 2_2012","MBE_2","Belle-ile","Belle-ile 2",2012,29023.533,1.026,1.571,55.654,0.72,1.99,13.623392703978,17.5783336932849,2.78615725949585,0.170359867731584,3.67999997138977,83.2011958817869
"Belle-ile 2_2013","MBE_2","Belle-ile","Belle-ile 2",2013,42967.438,0.939,1.498,58.79,0.73,3.03,13.516608275138,15.8491669444872,1.9200708222767,0.175110740440295,3.67999997138977,83.2011958817869
"Belle-ile 2_2014","MBE_2","Belle-ile","Belle-ile 2",2014,44462.914,0.926,1.498,64.08,0.4,2.49,13.0936199667589,16.232833629377,2.09304726695726,0.177365658213972,3.67999997138977,83.2011958817869
"Belle-ile 2_2015","MBE_2","Belle-ile","Belle-ile 2",2015,80792.887,1.124,1.572,77.718,3.37,3.41,13.3010074827968,16.69116698448,2.41815999378686,0.180667081805544,3.67999997138977,83.2011958817869
"Belle-ile 2_2016","MBE_2","Belle-ile","Belle-ile 2",2016,21781.434,3.031,1.583,77.17,9.44,3.32,13.9398947817295,16.4618336402539,1.82676902808005,0.175009417238843,3.67999997138977,83.2011958817869
"Belle-ile 2_2017","MBE_2","Belle-ile","Belle-ile 2",2017,26338.893,1.132,1.327,45.051,1.3,3.76,13.0931893361078,15.7436669394762,1.99080978647057,0.180505073141687,3.67999997138977,83.2011958817869
"Belle-ile 2_2018","MBE_2","Belle-ile","Belle-ile 2",2018,40816.965,0.801,1.685,67.043,0.64,3.63,12.6077586824204,15.9165002810187,2.0308331658873,0.174094067552572,3.67999997138977,83.2011958817869
"Belle-ile 3_2007","MBE_3","Belle-ile","Belle-ile 3",2007,59868.373,1.239,1.388,75.643,0.43,2.8075,14.0369928657395,18.1668337212371,2.56543066002053,0.170404109231158,3.5,85.7351715147381
"Belle-ile 3_2008","MBE_3","Belle-ile","Belle-ile 3",2008,2729.764,0.853,5.895,50.759,13.843,0.5905,11.5980018973946,14.4323335438579,1.72424085233164,0.174337082977352,3.5,85.7351715147381
"Belle-ile 3_2009","MBE_3","Belle-ile","Belle-ile 3",2009,61865.623,1.821,1.628,78.77,2.33,3.46,12.2782793874917,16.8516669921034,2.7185541236843,0.170297184221185,3.5,85.7351715147381
"Belle-ile 3_2010","MBE_3","Belle-ile","Belle-ile 3",2010,6556.941,1.775,2.019,66.477,6.971,3.15,10.9391184416913,15.0440002395771,2.03770796447378,0.169985674351705,3.5,85.7351715147381
"Belle-ile 3_2011","MBE_3","Belle-ile","Belle-ile 3",2011,82367.425,1.597,1.355,81.22,1.34,2.57,12.003840754518,15.2515002494329,2.31725057996905,0.175981295895148,3.5,85.7351715147381
"Belle-ile 3_2012","MBE_3","Belle-ile","Belle-ile 3",2012,5821.91,1.714,2.038,69.7,6.76,4.2,13.623392703978,17.5783336932849,2.78615725949585,0.170359867731584,3.5,85.7351715147381
"Belle-ile 3_2013","MBE_3","Belle-ile","Belle-ile 3",2013,48032.072,1.097,1.56,71.64,3.51,4.21,13.516608275138,15.8491669444872,1.9200708222767,0.175110740440295,3.5,85.7351715147381
"Belle-ile 3_2014","MBE_3","Belle-ile","Belle-ile 3",2014,110877.481,1.051,1.289,94.691,0.68,3.71,13.0936199667589,16.232833629377,2.09304726695726,0.177365658213972,3.5,85.7351715147381
"Belle-ile 3_2015","MBE_3","Belle-ile","Belle-ile 3",2015,78137.894,4.413,1.379,78.62,10.17,4.22,13.3010074827968,16.69116698448,2.41815999378686,0.180667081805544,3.5,85.7351715147381
"Belle-ile 3_2016","MBE_3","Belle-ile","Belle-ile 3",2016,19859.714,1.231,2.028,55.086,4.23,2.84,13.9398947817295,16.4618336402539,1.82676902808005,0.175009417238843,3.5,85.7351715147381
"Belle-ile 3_2017","MBE_3","Belle-ile","Belle-ile 3",2017,89563.196,1.147,1.566,81.21,0.93,3.91,13.0931893361078,15.7436669394762,1.99080978647057,0.180505073141687,3.5,85.7351715147381
"Belle-ile 3_2018","MBE_3","Belle-ile","Belle-ile 3",2018,40312.746,0.953,1.634,65.137,0.99,3.94,12.6077586824204,15.9165002810187,2.0308331658873,0.174094067552572,3.5,85.7351715147381
"Camaret 1_2007","MCM_1","Camaret","Camaret 1",2007,50581.288,1.143,1.661,61.66,2.02,3.0118,13.3289177405327,16.9742503312591,2.42210551912386,0.219077867541476,19.0666669209798,109.997343839371
"Camaret 1_2008","MCM_1","Camaret","Camaret 1",2008,10949.876,1.223,1.661,28.713,2.2,3.0118,11.4155951759328,15.5222502622928,2.08836500651149,0.223868154316002,19.0666669209798,109.997343839371
"Camaret 1_2009","MCM_1","Camaret","Camaret 1",2009,10949.876,2.154,1.349,23.632,2.2,3,12.2354703764494,17.5472503584751,3.35574511700735,0.224469433763715,19.0666669209798,109.997343839371
"Camaret 1_2010","MCM_1","Camaret","Camaret 1",2010,17380.749,2.28,1.291,28.713,0.73,2.54,10.4364931901312,15.8432502775395,2.45989757857878,0.226085631322076,19.0666669209798,109.997343839371
"Camaret 1_2011","MCM_1","Camaret","Camaret 1",2011,969.479,1.223,3.961,40.666,16.208,3.17,11.7028256303304,15.7150002714479,2.69491818303334,0.232420520106067,19.0666669209798,109.997343839371
"Camaret 1_2012","MCM_1","Camaret","Camaret 1",2012,196.902,1.899,2.104,12.601,11.151,2.11,13.0824154469533,16.9672503309266,2.54250044080198,0.231815284891526,19.0666669209798,109.997343839371
"Camaret 1_2013","MCM_1","Camaret","Camaret 1",2013,5620.605,0.481,7.135,48.5,2.08,2.78,13.4116177296107,18.0992503846937,2.91065738172903,0.232570944923354,19.0666669209798,109.997343839371
"Camaret 1_2014","MCM_1","Camaret","Camaret 1",2014,100.695,2.904,1.373,10.201,4.85,2.33,13.0113879808711,17.7297503671434,2.9042713945344,0.231790774865555,19.0666669209798,109.997343839371
"Camaret 1_2015","MCM_1","Camaret","Camaret 1",2015,327.998,1.472,2.529,14.569,9.009,2.85,12.7168723817918,18.3390003960812,3.05363170979097,0.2351934856143,19.0666669209798,109.997343839371
"Camaret 1_2016","MCM_1","Camaret","Camaret 1",2016,11164.224,1.469,1.558,29.077,1.92,2.93,13.1392204193752,17.2025003421004,2.63756547318176,0.235983477263538,19.0666669209798,109.997343839371
"Camaret 1_2017","MCM_1","Camaret","Camaret 1",2017,1152.511,1.323,3.466,28.69,14.2,1.66,12.2188146658276,18.2955003940151,2.92268892425154,0.240096337537235,19.0666669209798,109.997343839371
"Camaret 1_2018","MCM_1","Camaret","Camaret 1",2018,6564.052,1.002,1.599,16.806,1.09,3.7,12.5036690378368,17.1850003412692,2.79584421013654,0.231656301307601,19.0666669209798,109.997343839371
"Camaret 2_2007","MCM_2","Camaret","Camaret 2",2007,364.104,1.39,3.349,24.18,17.69,3.4984,13.3289177405327,16.9742503312591,2.42210551912386,0.219077867541476,16.4000000953674,113.68384137434
"Camaret 2_2008","MCM_2","Camaret","Camaret 2",2008,461.162,1.39,2.526,31.043,17.69,3.4984,11.4155951759328,15.5222502622928,2.08836500651149,0.223868154316002,16.4000000953674,113.68384137434
"Camaret 2_2009","MCM_2","Camaret","Camaret 2",2009,461.162,1.39,2.526,31.043,17.69,3.4984,12.2354703764494,17.5472503584751,3.35574511700735,0.224469433763715,16.4000000953674,113.68384137434
"Camaret 2_2010","MCM_2","Camaret","Camaret 2",2010,7767.827,1.923,2.364,61.956,15.042,2.29,10.4364931901312,15.8432502775395,2.45989757857878,0.226085631322076,16.4000000953674,113.68384137434
"Camaret 2_2011","MCM_2","Camaret","Camaret 2",2011,461.162,1.022,5.388,36.01,19.56,3.78,11.7028256303304,15.7150002714479,2.69491818303334,0.232420520106067,16.4000000953674,113.68384137434
"Camaret 2_2012","MCM_2","Camaret","Camaret 2",2012,1726.818,2.006,2.141,39.864,14.861,3.12,13.0824154469533,16.9672503309266,2.54250044080198,0.231815284891526,16.4000000953674,113.68384137434
"Camaret 2_2013","MCM_2","Camaret","Camaret 2",2013,2471.538,0.89,6.059,49.38,12.452,2.76,13.4116177296107,18.0992503846937,2.91065738172903,0.232570944923354,16.4000000953674,113.68384137434
"Camaret 2_2014","MCM_2","Camaret","Camaret 2",2014,32119.754,1.255,1.755,53.51,2.19,3.64,13.0113879808711,17.7297503671434,2.9042713945344,0.231790774865555,16.4000000953674,113.68384137434
"Camaret 2_2015","MCM_2","Camaret","Camaret 2",2015,3780.647,3.039,1.629,30.67,12.74,2.09,12.7168723817918,18.3390003960812,3.05363170979097,0.2351934856143,16.4000000953674,113.68384137434
"Camaret 2_2016","MCM_2","Camaret","Camaret 2",2016,6986.97,1.346,1.858,28.727,3.45,3.58,13.1392204193752,17.2025003421004,2.63756547318176,0.235983477263538,16.4000000953674,113.68384137434
"Camaret 2_2017","MCM_2","Camaret","Camaret 2",2017,610.164,1.391,3.398,38.37,18.32,2.79,12.2188146658276,18.2955003940151,2.92268892425154,0.240096337537235,16.4000000953674,113.68384137434
"Camaret 2_2018","MCM_2","Camaret","Camaret 2",2018,6912.192,1.698,2.485,47.669,10.275,2.66,12.5036690378368,17.1850003412692,2.79584421013654,0.231656301307601,16.4000000953674,113.68384137434
"Camaret 3_2007","MCM_3","Camaret","Camaret 3",2007,908.532,1.013,4.309,32.467,12.089,2.8584,13.3289177405327,16.9742503312591,2.42210551912386,0.219077867541476,16.0666669209798,109.802992605136
"Camaret 3_2008","MCM_3","Camaret","Camaret 3",2008,199.462,1.915,1.595,11.559,4.95,3.34,11.4155951759328,15.5222502622928,2.08836500651149,0.223868154316002,16.0666669209798,109.802992605136
"Camaret 3_2011","MCM_3","Camaret","Camaret 3",2011,206.56,2.862,1.371,11.559,4.88,4.04,11.7028256303304,15.7150002714479,2.69491818303334,0.232420520106067,16.0666669209798,109.802992605136
"Camaret 3_2012","MCM_3","Camaret","Camaret 3",2012,199.462,1.915,1.597,12.171,4.95,4.15,13.0824154469533,16.9672503309266,2.54250044080198,0.231815284891526,16.0666669209798,109.802992605136
"Camaret 3_2013","MCM_3","Camaret","Camaret 3",2013,102.571,2.68,1.595,6.49,11.54,2.46,13.4534947586268,18.0992503846937,2.90859990923808,0.231645941911419,16.0666669209798,109.802992605136
"Camaret 3_2014","MCM_3","Camaret","Camaret 3",2014,95.718,1.469,1.246,0.99,3.321,3.34,13.0113879808711,17.7297503671434,2.9042713945344,0.231790774865555,16.0666669209798,109.802992605136
"Camaret 3_2015","MCM_3","Camaret","Camaret 3",2015,12260.849,1.365,1.623,33.83,2.87,3.27,12.7168723817918,18.3390003960812,3.05363170979097,0.2351934856143,16.0666669209798,109.802992605136
"Camaret 3_2016","MCM_3","Camaret","Camaret 3",2016,1869.11,1.104,3.657,30.374,11.018,3.16,13.1392204193752,17.2025003421004,2.63756547318176,0.235983477263538,16.0666669209798,109.802992605136
"Camaret 3_2017","MCM_3","Camaret","Camaret 3",2017,50542.528,1.442,1.965,58.824,4.3,2.32,12.2188146658276,18.2955003940151,2.92268892425154,0.240096337537235,16.0666669209798,109.802992605136
"Camaret 3_2018","MCM_3","Camaret","Camaret 3",2018,22241.831,1.66,1.346,45.843,2.067,2.02,12.5036690378368,17.1850003412692,2.79584421013654,0.231656301307601,16.0666669209798,109.802992605136
"Glenan 1_2007","MGL_1","Glenan","Glenan 1",2007,114555.539,1.065,1.339,88.23,0.63,2.3583,14.053262555157,18.0322503815114,2.43562145918748,0.207969769516932,8.39999997615814,68.0217258064576
"Glenan 1_2008","MGL_1","Glenan","Glenan 1",2008,153047.455,0.889,1.286,97.89,0.4,0.4426,11.8527569186023,15.2570002496941,1.98299097136669,0.222669369086966,8.39999997615814,68.0217258064576
"Glenan 1_2009","MGL_1","Glenan","Glenan 1",2009,157605.893,0.84,1.307,98.33,0.84,2.1,12.5452609317042,17.1840003412217,2.91532830522227,0.208336427277852,8.39999997615814,68.0217258064576
"Glenan 1_2010","MGL_1","Glenan","Glenan 1",2010,150710.603,0.987,1.572,90.04,0.32,3.51,10.8154932081328,16.8430003250251,2.64633198833324,0.204546354697521,8.39999997615814,68.0217258064576
"Glenan 1_2011","MGL_1","Glenan","Glenan 1",2011,59808.715,1.211,1.379,75.61,0.73,2.78,11.7950921182293,15.965500283346,2.6079722252315,0.202455674908777,8.39999997615814,68.0217258064576
"Glenan 1_2012","MGL_1","Glenan","Glenan 1",2012,367574.417,1.268,1.315,98.46,0.6,2.61,13.3975356805,17.8870003746124,2.62735291603806,0.209360204779022,8.39999997615814,68.0217258064576
"Glenan 1_2013","MGL_1","Glenan","Glenan 1",2013,142276.628,0.931,1.54,92.86,1.32,3.79,13.719032609077,17.975250378804,2.30889099753762,0.207309444393621,8.39999997615814,68.0217258064576
"Glenan 1_2014","MGL_1","Glenan","Glenan 1",2014,151633.081,0.971,1.508,93.72,0.14,2.31,12.3477240126098,17.3695003500325,2.37317559735548,0.2176082924665,8.39999997615814,68.0217258064576
"Glenan 1_2015","MGL_1","Glenan","Glenan 1",2015,23490.84,1.132,1.692,67.033,1.47,2.35,13.3114589484946,18.0960003845394,2.79704094600595,0.210090775086318,8.39999997615814,68.0217258064576
"Glenan 1_2016","MGL_1","Glenan","Glenan 1",2016,143873.804,1.986,1.118,96.949,0.2,2.13,13.7424569345139,16.9632503307366,2.13522314101478,0.205938111196558,8.39999997615814,68.0217258064576
"Glenan 1_2017","MGL_1","Glenan","Glenan 1",2017,118316.658,1.316,1.351,84.437,0.83,2.99,12.9997055478838,16.829250324372,2.47693026911407,0.212338896264836,8.39999997615814,68.0217258064576
"Glenan 1_2018","MGL_1","Glenan","Glenan 1",2018,170323.522,1.233,1.312,97.91,0.42,2.31,12.4452811972257,15.8737502789882,1.89945433661503,0.206810187646781,8.39999997615814,68.0217258064576
"Glenan 2_2007","MGL_2","Glenan","Glenan 2",2007,7365.124,1.164,3.113,62.016,8.201,2.8181,14.053262555157,18.0322503815114,2.43562145918748,0.207969769516932,10.6500000953674,144.489403817844
"Glenan 2_2008","MGL_2","Glenan","Glenan 2",2008,25499.587,1.741,1.609,72.35,1.14,0.8139,11.8527569186023,15.2570002496941,1.98299097136669,0.222669369086966,10.6500000953674,144.489403817844
"Glenan 2_2009","MGL_2","Glenan","Glenan 2",2009,16002.836,2.28,1.61,72.83,5.42,2.93,12.5452609317042,17.1840003412217,2.91532830522227,0.208336427277852,10.6500000953674,144.489403817844
"Glenan 2_2010","MGL_2","Glenan","Glenan 2",2010,4370.586,0.76,2.656,41.026,3.64,3.13,10.8154932081328,16.8430003250251,2.64633198833324,0.204546354697521,10.6500000953674,144.489403817844
"Glenan 2_2011","MGL_2","Glenan","Glenan 2",2011,5790.688,0.949,3.705,56.27,7.28,4.62,11.7950921182293,15.965500283346,2.6079722252315,0.202455674908777,10.6500000953674,144.489403817844
"Glenan 2_2012","MGL_2","Glenan","Glenan 2",2012,5124.235,1.043,3.75,57.624,9.929,3.98,13.3975356805,17.8870003746124,2.62735291603806,0.209360204779022,10.6500000953674,144.489403817844
"Glenan 2_2013","MGL_2","Glenan","Glenan 2",2013,37235.734,3.034,1.353,76.688,4.88,3.8,13.719032609077,17.975250378804,2.30889099753762,0.207309444393621,10.6500000953674,144.489403817844
"Glenan 2_2014","MGL_2","Glenan","Glenan 2",2014,19394.067,1.521,1.578,68.84,1.9,3.6,12.3477240126098,17.3695003500325,2.37317559735548,0.2176082924665,10.6500000953674,144.489403817844
"Glenan 2_2015","MGL_2","Glenan","Glenan 2",2015,7470.49,0.859,2.395,53.69,3.22,3.12,13.3114589484946,18.0960003845394,2.79704094600595,0.210090775086318,10.6500000953674,144.489403817844
"Glenan 2_2016","MGL_2","Glenan","Glenan 2",2016,6265.033,0.801,3.75,58.58,5.91,3.6,13.7424569345139,16.9632503307366,2.13522314101478,0.205938111196558,10.6500000953674,144.489403817844
"Glenan 2_2017","MGL_2","Glenan","Glenan 2",2017,3663.956,0.893,3.174,40.074,5.241,3.08,12.9997055478838,16.829250324372,2.47693026911407,0.212338896264836,10.6500000953674,144.489403817844
"Glenan 2_2018","MGL_2","Glenan","Glenan 2",2018,6922.563,1.122,2.932,56.106,6.791,2.94,12.4452811972257,15.8737502789882,1.89945433661503,0.206810187646781,10.6500000953674,144.489403817844
"Glenan 3_2007","MGL_3","Glenan","Glenan 3",2007,10223.314,0.709,2.608,49.7,1.69,3.142,14.0475133790597,18.1274003860308,2.34505270124579,0.203834176872679,7.48000011444092,134.340697757385
"Glenan 3_2008","MGL_3","Glenan","Glenan 3",2008,78693.702,1.108,1.288,92.57,0.53,2.7429,11.8299399776279,15.1756002458278,1.88878924672934,0.217679053598655,7.48000011444092,134.340697757385
"Glenan 3_2009","MGL_3","Glenan","Glenan 3",2009,72952.89,1.238,1.269,87.26,0.83,0.91,12.4439514674328,16.9772003313992,2.65969705708804,0.204029968440658,7.48000011444092,134.340697757385
"Glenan 3_2010","MGL_3","Glenan","Glenan 3",2010,27971.391,1.317,1.36,56.4,0.81,3.04,10.8590885653947,16.5778003124287,2.57020189947139,0.199955284341226,7.48000011444092,134.340697757385
"Glenan 3_2011","MGL_3","Glenan","Glenan 3",2011,110967.567,1.317,1.293,94.989,0.83,3.27,11.7818934912288,15.8354002771666,2.44804422988293,0.198082672101734,7.48000011444092,134.340697757385
"Glenan 3_2012","MGL_3","Glenan","Glenan 3",2012,110967.567,1.04,1.293,94.989,0.83,3.32,13.3925761174229,17.8026003706036,2.54088416599857,0.203483647370644,7.48000011444092,134.340697757385
"Glenan 3_2013","MGL_3","Glenan","Glenan 3",2013,109966.623,0.857,1.29,97.56,0.83,3.27,13.5523817903507,17.0070003328146,2.05772640910241,0.201196230913533,7.48000011444092,134.340697757385
"Glenan 3_2014","MGL_3","Glenan","Glenan 3",2014,128212.925,2.603,1.306,88.468,0.97,3.27,12.3323748360566,17.0154003332136,2.2960160337929,0.210810903650638,7.48000011444092,134.340697757385
"Glenan 3_2015","MGL_3","Glenan","Glenan 3",2015,26334.834,1.566,1.305,45.515,0.93,3.07,13.3005188380849,17.4862003555754,2.67726578066653,0.205904016785,7.48000011444092,134.340697757385
"Glenan 3_2016","MGL_3","Glenan","Glenan 3",2016,48243.481,1.718,1.266,77.678,0.82,3.27,13.6815212559439,16.493800308439,2.00074633147589,0.20113640871387,7.48000011444092,134.340697757385
"Glenan 3_2017","MGL_3","Glenan","Glenan 3",2017,121460.458,1.391,1.337,87.75,1.82,3.29,12.9022552729849,16.5410003106808,2.25575631125214,0.207774425818113,7.48000011444092,134.340697757385
"Glenan 3_2018","MGL_3","Glenan","Glenan 3",2018,25839.88,1.757,1.326,63.776,0.75,3.18,12.3552033551094,15.699800270726,1.78609385440163,0.200367082963069,7.48000011444092,134.340697757385
"Keraliou 1_2007","NBK_1","Keraliou","Keraliou 1",2007,5.198,0.552,21.546,41.929,46.211,4.13,13.4614524166624,18.5280004050583,3.00466451870525,0.172614053960293,2.00000002384186,19.8057806503891
"Keraliou 1_2009","NBK_1","Keraliou","Keraliou 1",2009,46.846,0.662,12.212,36.004,33.303,5.38,11.74600909194,19.1346671005401,3.91430761388423,0.176258491930082,2.00000002384186,19.8057806503891
"Keraliou 1_2010","NBK_1","Keraliou","Keraliou 1",2010,8.645,0.597,16.898,35.804,43.254,3.59,9.8060819580025,15.3346669200497,2.44741872991522,0.176297370658783,2.00000002384186,19.8057806503891
"Keraliou 1_2011","NBK_1","Keraliou","Keraliou 1",2011,8.308,0.553,21.791,45.07,44.7,8.2,11.2377399855294,17.448000353761,3.21037230821259,0.181594589641293,2.00000002384186,19.8057806503891
"Keraliou 1_2012","NBK_1","Keraliou","Keraliou 1",2012,0.65,0.74,9.076,18.484,61.742,6.84,12.5667706137183,17.7606670352786,3.03355260520122,0.182696942850052,2.00000002384186,19.8057806503891
"Keraliou 1_2013","NBK_1","Keraliou","Keraliou 1",2013,5.354,0.613,15.251,25.847,42.276,7.33,13.0289623060301,19.6206671236238,3.58157617707256,0.183823348241629,2.00000002384186,19.8057806503891
"Keraliou 1_2014","NBK_1","Keraliou","Keraliou 1",2014,382.751,0.679,13.63,59.2,27.32,7.14,12.6732163431872,19.14266710092,3.58841761125864,0.179247926615977,2.00000002384186,19.8057806503891
"Keraliou 1_2015","NBK_1","Keraliou","Keraliou 1",2015,0.898,0.567,20.284,25.085,57.758,4.99,12.0135587036975,19.0576670968827,3.39531884873951,0.183038750012459,2.00000002384186,19.8057806503891
"Keraliou 1_2016","NBK_1","Keraliou","Keraliou 1",2016,117.212,0.566,20.169,49.605,40.204,6.67,12.6149767007813,18.4626670686218,3.13901381057553,0.184042992008711,2.00000002384186,19.8057806503891
"Keraliou 1_2017","NBK_1","Keraliou","Keraliou 1",2017,236.707,0.722,11.551,49.8,27.54,6.29,11.5079890826146,19.3366671101345,3.16323610224651,0.188861400620993,2.00000002384186,19.8057806503891
"Keraliou 1_2018","NBK_1","Keraliou","Keraliou 1",2018,268.731,0.907,5.975,43.338,23.23,6.22,12.2184487540193,20.0460004771594,3.68891359252242,0.181232244969022,2.00000002384186,19.8057806503891
"Keraliou 2_2007","NBK_2","Keraliou","Keraliou 2",2007,224.406,0.751,10.356,49.235,26.614,4.29,13.4614524166624,18.5280004050583,3.00466451870525,0.207136864752351,2.44999998807907,56.8825991293354
"Keraliou 2_2009","NBK_2","Keraliou","Keraliou 2",2009,8.552,0.593,17.071,39.886,42.906,5.05,11.74600909194,19.1346671005401,3.91430761388423,0.211510190316098,2.44999998807907,56.8825991293354
"Keraliou 2_2010","NBK_2","Keraliou","Keraliou 2",2010,23.366,0.572,19.279,40.486,41.556,3.54,9.8060819580025,15.3346669200497,2.44741872991522,0.211556844790539,2.44999998807907,56.8825991293354
"Keraliou 2_2011","NBK_2","Keraliou","Keraliou 2",2011,49.095,0.669,12.353,33.013,32.993,6.54,11.2377399855294,17.448000353761,3.21037230821259,0.217913507569552,2.44999998807907,56.8825991293354
"Keraliou 2_2012","NBK_2","Keraliou","Keraliou 2",2012,61998.192,3.386,1.6,80.318,12.141,5.59,12.5667706137183,17.7606670352786,3.03355260520122,0.219236331420063,2.44999998807907,56.8825991293354
"Keraliou 2_2013","NBK_2","Keraliou","Keraliou 2",2013,5.208,0.538,24.125,43.68,48.14,6.35,13.0289623060301,19.6206671236238,3.58157617707256,0.220588017889955,2.44999998807907,56.8825991293354
"Keraliou 2_2014","NBK_2","Keraliou","Keraliou 2",2014,145.843,0.564,20.466,50.045,41.126,5.67,12.6732163431872,19.14266710092,3.58841761125864,0.215097511939173,2.44999998807907,56.8825991293354
"Keraliou 2_2015","NBK_2","Keraliou","Keraliou 2",2015,1.728,0.538,23.906,37.848,51.68,6.41,12.0135587036975,19.0576670968827,3.39531884873951,0.21964650001495,2.44999998807907,56.8825991293354
"Keraliou 2_2016","NBK_2","Keraliou","Keraliou 2",2016,301.228,0.564,19.841,58.496,35.204,5.97,12.6149767007813,18.4626670686218,3.13901381057553,0.220851590410453,2.44999998807907,56.8825991293354
"Keraliou 2_2017","NBK_2","Keraliou","Keraliou 2",2017,9.179,0.592,22.017,43.23,45.37,2.08,11.5079890826146,19.3366671101345,3.16323610224651,0.226633680745192,2.44999998807907,56.8825991293354
"Keraliou 2_2018","NBK_2","Keraliou","Keraliou 2",2018,97.455,0.685,13.386,39.736,31.373,5.64,12.2184487540193,20.0460004771594,3.68891359252242,0.217478693962826,2.44999998807907,56.8825991293354
"Keraliou 3_2007","NBK_3","Keraliou","Keraliou 3",2007,170.212,0.618,18.145,50.765,37.432,5.87,13.4614524166624,18.5280004050583,3.00466451870525,0.207136864752351,2.25000005960464,19.779869988863
"Keraliou 3_2009","NBK_3","Keraliou","Keraliou 3",2009,8.374,1.114,4.395,20.714,30.486,6.02,11.74600909194,19.1346671005401,3.91430761388423,0.211510190316098,2.25000005960464,19.779869988863
"Keraliou 3_2010","NBK_3","Keraliou","Keraliou 3",2010,173.555,1.218,3.726,29.027,22.078,6.28,9.8060819580025,15.3346669200497,2.44741872991522,0.211556844790539,2.25000005960464,19.779869988863
"Keraliou 3_2011","NBK_3","Keraliou","Keraliou 3",2011,107.704,0.746,8.987,32.293,27.753,6.61,11.2377399855294,17.448000353761,3.21037230821259,0.217913507569552,2.25000005960464,19.779869988863
"Keraliou 3_2012","NBK_3","Keraliou","Keraliou 3",2012,83.673,0.57,19.407,44.986,41.486,8.07,12.5667706137183,17.7606670352786,3.03355260520122,0.219236331420063,2.25000005960464,19.779869988863
"Keraliou 3_2013","NBK_3","Keraliou","Keraliou 3",2013,241.642,0.816,7.416,45.64,24.66,5.56,13.0289623060301,19.6206671236238,3.58157617707256,0.220588017889955,2.25000005960464,19.779869988863
"Keraliou 3_2014","NBK_3","Keraliou","Keraliou 3",2014,143.439,0.562,24.894,51.27,43.121,16.69,12.6732163431872,19.14266710092,3.58841761125864,0.215097511939173,2.25000005960464,19.779869988863
"Keraliou 3_2015","NBK_3","Keraliou","Keraliou 3",2015,5.093,0.515,27.645,43.006,48.485,8.26,12.0135587036975,19.0576670968827,3.39531884873951,0.21964650001495,2.25000005960464,19.779869988863
"Keraliou 3_2016","NBK_3","Keraliou","Keraliou 3",2016,4.456,0.54,23.819,41.676,48.975,9.26,12.6149767007813,18.4626670686218,3.13901381057553,0.220851590410453,2.25000005960464,19.779869988863
"Keraliou 3_2017","NBK_3","Keraliou","Keraliou 3",2017,5.786,0.54,23.864,44.909,47.92,8.47,11.4622693002233,18.9066670897106,3.10913027659359,0.226375413953638,2.25000005960464,19.779869988863
"Keraliou 3_2018","NBK_3","Keraliou","Keraliou 3",2018,21.453,0.61,15.562,35.978,39.79,7.59,12.2184487540193,20.0460004771594,3.68891359252242,0.217478693962826,2.25000005960464,19.779869988863
"Meaban 1_2007","MME_1","Meaban","Meaban 1",2007,11206.149,1.362,1.587,33.925,3.425,2.1162,13.1684561944496,19.3220004427712,3.49947603790186,0.0486534886421774,6.2333333492279,145.21592434056
"Meaban 1_2008","MME_1","Meaban","Meaban 1",2008,331.952,0.853,6.653,45.851,21.909,0.7358,11.4268088109392,17.5610003591282,2.78318914851765,0.0506234346044505,6.2333333492279,145.21592434056
"Meaban 1_2009","MME_1","Meaban","Meaban 1",2009,19689.155,1.971,1.925,58.494,7.619,2.96,12.2301838897118,19.6220004570205,4.34345543887358,0.0491731729573673,6.2333333492279,145.21592434056
"Meaban 1_2010","MME_1","Meaban","Meaban 1",2010,4881.918,0.682,3.144,44.644,3.77,3.45,10.0264043728388,17.6730003644479,2.93621596124234,0.0490136812652904,6.2333333492279,145.21592434056
"Meaban 1_2011","MME_1","Meaban","Meaban 1",2011,3288.901,1.462,2.658,46.565,11.421,3.8,11.3912253408049,18.9630004257197,4.02811278402506,0.0494402148195712,6.2333333492279,145.21592434056
"Meaban 1_2012","MME_1","Meaban","Meaban 1",2012,13897.826,1.137,1.64,47.311,1.63,2.82,12.9197597015227,19.2870004411088,3.74031808697176,0.0514609915785618,6.2333333492279,145.21592434056
"Meaban 1_2013","MME_1","Meaban","Meaban 1",2013,21163.806,1.901,2.012,60.534,8.159,4.15,13.5432596277553,20.9400005196221,4.14580377818724,0.0510533958199468,6.2333333492279,145.21592434056
"Meaban 1_2015","MME_1","Meaban","Meaban 1",2015,10848.651,1.009,1.94,39.792,1.67,3.06,12.5897363867421,20.0630004779669,3.7480432544071,0.0507098065135415,6.2333333492279,145.21592434056
"Meaban 1_2016","MME_1","Meaban","Meaban 1",2016,4845.091,1.292,3.048,49.3,10.69,2.88,13.8124055864849,20.2780004881788,3.39744346527233,0.0503597583995042,6.2333333492279,145.21592434056
"Meaban 1_2017","MME_1","Meaban","Meaban 1",2017,62525.454,1.101,1.87,74.265,2.661,3.45,13.4955677335981,20.3480004915036,4.31952089202024,0.0514164320755114,6.2333333492279,145.21592434056
"Meaban 1_2018","MME_1","Meaban","Meaban 1",2018,1929.824,0.595,3.717,34.943,2.949,2.93,12.8855028397567,20.5120004992932,3.78222838495105,0.050320899094683,6.2333333492279,145.21592434056
"Meaban 2_2007","MME_2","Meaban","Meaban 2",2007,6617.476,0.956,2.133,41.076,3.59,3.26,13.1684561944496,19.3220004427712,3.49947603790186,0.0486534886421774,5.87999992370605,145.674630970842
"Meaban 2_2008","MME_2","Meaban","Meaban 2",2008,6617.476,0.956,2.133,41.076,3.59,3.26,11.4268088109392,17.5610003591282,2.78318914851765,0.0506234346044505,5.87999992370605,145.674630970842
"Meaban 2_2009","MME_2","Meaban","Meaban 2",2009,6617.476,0.956,1.967,41.076,3.59,3.26,12.2301838897118,19.6220004570205,4.34345543887358,0.0491731729573673,5.87999992370605,145.674630970842
"Meaban 2_2010","MME_2","Meaban","Meaban 2",2010,1642.118,0.678,3.126,29.537,3.59,2.37,10.0264043728388,17.6730003644479,2.93621596124234,0.0490136812652904,5.87999992370605,145.674630970842
"Meaban 2_2011","MME_2","Meaban","Meaban 2",2011,6617.476,0.956,2.133,41.076,2.28,3.26,11.3912253408049,18.9630004257197,4.02811278402506,0.0494402148195712,5.87999992370605,145.674630970842
"Meaban 2_2012","MME_2","Meaban","Meaban 2",2012,29577.255,0.923,1.916,57.164,1.67,3.89,12.9197597015227,19.2870004411088,3.74031808697176,0.0514609915785618,5.87999992370605,145.674630970842
"Meaban 2_2013","MME_2","Meaban","Meaban 2",2013,27194.66,0.956,1.876,57.01,2.28,3.27,13.5432596277553,20.9400005196221,4.14580377818724,0.0510533958199468,5.87999992370605,145.674630970842
"Meaban 2_2015","MME_2","Meaban","Meaban 2",2015,6617.476,1.191,2.133,36.947,4.871,3.26,12.5897363867421,20.0630004779669,3.7480432544071,0.0507098065135415,5.87999992370605,145.674630970842
"Meaban 2_2016","MME_2","Meaban","Meaban 2",2016,4964.692,1.604,2.487,47.195,11.401,3.18,13.8124055864849,20.2780004881788,3.39744346527233,0.0503597583995042,5.87999992370605,145.674630970842
"Meaban 2_2017","MME_2","Meaban","Meaban 2",2017,11540.777,0.971,1.967,41.076,2.13,3.2,13.4955677335981,20.3480004915036,4.31952089202024,0.0514164320755114,5.87999992370605,145.674630970842
"Meaban 2_2018","MME_2","Meaban","Meaban 2",2018,14351.015,1.512,2.02,49.355,5.191,3,12.8855028397567,20.5120004992932,3.78222838495105,0.050320899094683,5.87999992370605,145.674630970842
"Meaban 3_2008","MME_3","Meaban","Meaban 3",2008,12838.413,1.118,2.112,49.525,6.75,3.2,11.4268088109392,17.5610003591282,2.78318914851765,0.0506234346044505,5.87999992370605,145.674630970842
"Meaban 3_2009","MME_3","Meaban","Meaban 3",2009,12838.413,2.722,1.653,49.485,9.561,3.84,12.2301838897118,19.6220004570205,4.34345543887358,0.0491731729573673,5.87999992370605,145.674630970842
"Meaban 3_2010","MME_3","Meaban","Meaban 3",2010,12838.413,1.118,2.112,49.525,6.75,3.2,10.0264043728388,17.6730003644479,2.93621596124234,0.0490136812652904,5.87999992370605,145.674630970842
"Meaban 3_2011","MME_3","Meaban","Meaban 3",2011,12838.413,1.118,2.112,49.525,6.75,3.2,11.3912253408049,18.9630004257197,4.02811278402506,0.0494402148195712,5.87999992370605,145.674630970842
"Meaban 3_2012","MME_3","Meaban","Meaban 3",2012,12838.413,1.118,2.112,49.525,6.75,3.2,12.9197597015227,19.2870004411088,3.74031808697176,0.0514609915785618,5.87999992370605,145.674630970842
"Meaban 3_2013","MME_3","Meaban","Meaban 3",2013,5745.387,1.118,2.991,43.78,6.75,3.52,13.5432596277553,20.9400005196221,4.14580377818724,0.0510533958199468,5.87999992370605,145.674630970842
"Meaban 3_2015","MME_3","Meaban","Meaban 3",2015,20693,1.017,1.959,54.825,1.6,3.2,12.5897363867421,20.0630004779669,3.7480432544071,0.0507098065135415,5.87999992370605,145.674630970842
"Meaban 3_2016","MME_3","Meaban","Meaban 3",2016,8173.309,1.656,2.599,54.539,11.278,3.6,13.8124055864849,20.2780004881788,3.39744346527233,0.0503597583995042,5.87999992370605,145.674630970842
"Meaban 3_2017","MME_3","Meaban","Meaban 3",2017,14280.067,1.078,2.112,49.525,2.31,2.69,13.4955677335981,20.3480004915036,4.31952089202024,0.0514164320755114,5.87999992370605,145.674630970842
"Meaban 3_2018","MME_3","Meaban","Meaban 3",2018,13358.329,1.372,1.677,46.116,2.749,2.85,12.8855028397567,20.5120004992932,3.78222838495105,0.050320899094683,5.87999992370605,145.674630970842
"Molene 1_2007","MMO_1","Molene","Molene 1",2007,5059.015,0.547,3.786,42.779,1.847,2.7289,13.9367062309395,17.6440003630705,2.05107530951851,0.565871276702447,11.7000000476837,236.140866044954
"Molene 1_2008","MMO_1","Molene","Molene 1",2008,15182.457,0.624,3.891,42.779,2.1,3.06,11.7987172985492,14.7867502273584,1.806180466482,0.577140183669243,11.7000000476837,236.140866044954
"Molene 1_2009","MMO_1","Molene","Molene 1",2009,15182.457,0.624,3.891,42.779,2.1,3.06,12.2735176755539,16.2752502980584,2.63943602898219,0.572827291122249,11.7000000476837,236.140866044954
"Molene 1_2010","MMO_1","Molene","Molene 1",2010,84670.472,1.443,1.648,75.915,2.04,2.37,10.9389249079845,15.7637502737634,2.28054513189602,0.579733700717339,11.7000000476837,236.140866044954
"Molene 1_2011","MMO_1","Molene","Molene 1",2011,8188.374,0.552,4.784,51.245,1.62,4.84,11.8726031109219,15.3315002532327,2.16580016621768,0.58922241763459,11.7000000476837,236.140866044954
"Molene 1_2012","MMO_1","Molene","Molene 1",2012,9019.06,0.624,3.891,54.725,2.14,4.18,13.2264468745595,15.969500283536,2.04892259361777,0.584128103161245,11.7000000476837,236.140866044954
"Molene 1_2013","MMO_1","Molene","Molene 1",2013,5350.553,0.56,4.813,46.995,2.56,3.64,13.3704069168425,16.8652503260819,2.02252974138309,0.592654116769885,11.7000000476837,236.140866044954
"Molene 1_2014","MMO_1","Molene","Molene 1",2014,9102.211,0.568,5.313,50.285,3.37,2.98,12.6283847402262,15.7635002737516,2.14048842012386,0.5850719934346,11.7000000476837,236.140866044954
"Molene 1_2015","MMO_1","Molene","Molene 1",2015,6189.303,0.565,4.932,46.295,2.67,3.36,13.4100825795526,17.6007503610163,2.52256462710674,0.588379070484883,11.7000000476837,236.140866044954
"Molene 1_2016","MMO_1","Molene","Molene 1",2016,8416.335,0.534,4.739,50.975,1.36,3.97,13.3729177277726,15.9682502834767,1.86563244174869,0.596998913153074,11.7000000476837,236.140866044954
"Molene 1_2017","MMO_1","Molene","Molene 1",2017,2252.926,0.623,4.083,38.84,2.45,5.31,12.5921965516942,17.010250332969,2.42568213389358,0.600250474380248,11.7000000476837,236.140866044954
"Molene 1_2018","MMO_1","Molene","Molene 1",2018,7996.68,0.673,4.633,53.601,4.932,2.74,12.379706156986,15.5722502646677,1.86018309878904,0.5892674930698,11.7000000476837,236.140866044954
"Molene 2_2007","MMO_2","Molene","Molene 2",2007,15380.679,0.98,2.048,58.958,2.25,3.455,13.9367062309395,17.6440003630705,2.05107530951851,0.565871276702447,12.6799999237061,236.115037638247
"Molene 2_2008","MMO_2","Molene","Molene 2",2008,9620.944,0.974,2.097,60.24,1.73,0.1476,11.7987172985492,14.7867502273584,1.806180466482,0.577140183669243,12.6799999237061,236.115037638247
"Molene 2_2009","MMO_2","Molene","Molene 2",2009,44007.013,1.345,1.935,74.635,3.021,3.17,12.2735176755539,16.2752502980584,2.63943602898219,0.572827291122249,12.6799999237061,236.115037638247
"Molene 2_2010","MMO_2","Molene","Molene 2",2010,38894.869,1.067,1.919,65.807,1.81,4.29,10.9389249079845,15.7637502737634,2.28054513189602,0.579733700717339,12.6799999237061,236.115037638247
"Molene 2_2011","MMO_2","Molene","Molene 2",2011,100108.413,1.339,1.602,82.362,1.3,3.12,11.8726031109219,15.3315002532327,2.16580016621768,0.58922241763459,12.6799999237061,236.115037638247
"Molene 2_2012","MMO_2","Molene","Molene 2",2012,11710.664,0.958,2.153,52.835,2.57,2.79,13.2264468745595,15.969500283536,2.04892259361777,0.584128103161245,12.6799999237061,236.115037638247
"Molene 2_2013","MMO_2","Molene","Molene 2",2013,5537.098,0.787,2.455,37.806,1.87,2.57,13.3376447531242,16.8652503260819,2.02363734801836,0.593388701555657,12.6799999237061,236.115037638247
"Molene 2_2014","MMO_2","Molene","Molene 2",2014,77634.551,0.913,1.574,74.663,0.76,2.45,12.6283847402262,15.7635002737516,2.14048842012386,0.5850719934346,12.6799999237061,236.115037638247
"Molene 2_2015","MMO_2","Molene","Molene 2",2015,14927.129,1.014,2.315,61.384,2.52,3.1,13.4100825795526,17.6007503610163,2.52256462710674,0.588379070484883,12.6799999237061,236.115037638247
"Molene 2_2016","MMO_2","Molene","Molene 2",2016,5044.25,0.623,3.944,42.264,1.71,3.1,13.3729177277726,15.9682502834767,1.86563244174869,0.596998913153074,12.6799999237061,236.115037638247
"Molene 2_2017","MMO_2","Molene","Molene 2",2017,9475.065,0.658,2.983,55.856,1.88,2.45,12.5921965516942,17.010250332969,2.42568213389358,0.600250474380248,12.6799999237061,236.115037638247
"Molene 2_2018","MMO_2","Molene","Molene 2",2018,55280.598,1.245,1.939,72.616,2.031,2.89,12.379706156986,15.5722502646677,1.86018309878904,0.5892674930698,12.6799999237061,236.115037638247
"Molene 3_2007","MMO_3","Molene","Molene 3",2007,9702.392,0.59,4.155,56.93,1.02,4.0894,13.9367062309395,17.6440003630705,2.05107530951851,0.565871276702447,12.160000038147,236.135311171632
"Molene 3_2008","MMO_3","Molene","Molene 3",2008,5965.891,0.685,3.395,47.39,1.84,2.8226,11.7987172985492,14.7867502273584,1.806180466482,0.577140183669243,12.160000038147,236.135311171632
"Molene 3_2009","MMO_3","Molene","Molene 3",2009,3468.363,0.596,4.07,41.494,2.1,3.33,12.2735176755539,16.2752502980584,2.63943602898219,0.572827291122249,12.160000038147,236.135311171632
"Molene 3_2010","MMO_3","Molene","Molene 3",2010,9702.392,0.614,4.07,44.086,2.08,3.33,10.9389249079845,15.7637502737634,2.28054513189602,0.579733700717339,12.160000038147,236.135311171632
"Molene 3_2011","MMO_3","Molene","Molene 3",2011,20803.229,1.16,2.044,70.876,1.85,2.88,11.8726031109219,15.3315002532327,2.16580016621768,0.58922241763459,12.160000038147,236.135311171632
"Molene 3_2012","MMO_3","Molene","Molene 3",2012,5101.156,0.614,4.087,44.086,2.1,3.04,13.2264468745595,15.969500283536,2.04892259361777,0.584128103161245,12.160000038147,236.135311171632
"Molene 3_2013","MMO_3","Molene","Molene 3",2013,5101.156,0.614,4.087,44.086,2.08,2.71,13.3376447531242,16.8652503260819,2.02363734801836,0.593388701555657,12.160000038147,236.135311171632
"Molene 3_2014","MMO_3","Molene","Molene 3",2014,3118.006,0.63,3.985,38.956,2.89,3.33,12.6283847402262,15.7635002737516,2.14048842012386,0.5850719934346,12.160000038147,236.135311171632
"Molene 3_2015","MMO_3","Molene","Molene 3",2015,5024.178,0.586,4.83,45.525,3.9,3.54,13.4100825795526,17.6007503610163,2.52256462710674,0.588379070484883,12.160000038147,236.135311171632
"Molene 3_2016","MMO_3","Molene","Molene 3",2016,14612.334,1.031,1.963,54.799,1.15,4.39,13.3729177277726,15.9682502834767,1.86563244174869,0.596998913153074,12.160000038147,236.135311171632
"Molene 3_2017","MMO_3","Molene","Molene 3",2017,7742.175,0.621,4.099,51.11,2.681,3.04,12.5921965516942,17.010250332969,2.42568213389358,0.600250474380248,12.160000038147,236.135311171632
"Molene 3_2018","MMO_3","Molene","Molene 3",2018,9497.767,1.427,1.705,61.55,2.736,3.73,12.379706156986,15.5722502646677,1.86018309878904,0.5892674930698,12.160000038147,236.135311171632
"Morlaix 1_2007","MMX_1","Morlaix","Morlaix 1",2007,9462.567,1.01,3.707,55.33,6.45,3.38,13.4454726911237,16.1975002943655,1.90826655249118,0.316289760346218,9.24000005722046,267.221680725146
"Morlaix 1_2008","MMX_1","Morlaix","Morlaix 1",2008,8136.465,0.69,3.292,47.506,3.131,3.25,11.852364842081,15.2422502489935,1.79516036552301,0.321924437961119,9.24000005722046,267.221680725146
"Morlaix 1_2009","MMX_1","Morlaix","Morlaix 1",2009,14968.072,0.734,3.026,56.714,1.16,2.2,12.3967041678914,16.5375003105146,2.62965401301091,0.318311621603729,9.24000005722046,267.221680725146
"Morlaix 1_2011","MMX_1","Morlaix","Morlaix 1",2011,37267.503,1.122,2.072,61.85,2.22,3.41,11.6531237048928,15.868000278715,2.19532067053065,0.327144114440682,9.24000005722046,267.221680725146
"Morlaix 1_2012","MMX_1","Morlaix","Morlaix 1",2012,916.984,1.293,3.278,32.007,14.929,1.94,12.2148533660695,15.3212502527458,1.52756885511626,0.329833741927045,9.24000005722046,267.221680725146
"Morlaix 1_2013","MMX_1","Morlaix","Morlaix 1",2013,33778.735,1.273,1.729,62.168,1.61,2.02,13.1480109603333,16.7892503224721,2.26261085779433,0.333619798560515,9.24000005722046,267.221680725146
"Morlaix 1_2014","MMX_1","Morlaix","Morlaix 1",2014,3471.954,1.189,3.373,40.218,8.482,2.25,12.6411677078663,15.9747502837854,2.14197049021308,0.328324973554504,9.24000005722046,267.221680725146
"Morlaix 1_2015","MMX_1","Morlaix","Morlaix 1",2015,26463.384,0.71,3.214,65.747,1.88,2.78,13.6423449532219,17.2877503461496,2.3551023624627,0.332646995512639,9.24000005722046,267.221680725146
"Morlaix 1_2016","MMX_1","Morlaix","Morlaix 1",2016,2148.413,0.676,3.332,35.656,1.34,2.81,12.8917296455465,16.4345003056224,1.86735308941954,0.332435878201135,9.24000005722046,267.221680725146
"Morlaix 1_2017","MMX_1","Morlaix","Morlaix 1",2017,10833.141,1.401,2.017,47.365,4.54,2.78,12.5128270424298,16.996250332304,2.28144656624498,0.338258087808358,9.24000005722046,267.221680725146
"Morlaix 1_2018","MMX_1","Morlaix","Morlaix 1",2018,38155.756,0.855,1.929,63.88,1.42,1.51,13.4088852970485,16.8812503268418,2.36506164550603,0.33047654574299,9.24000005722046,267.221680725146
"Morlaix 2_2007","MMX_2","Morlaix","Morlaix 2",2007,10485.347,0.851,3.557,46.434,5.36,2.52,13.3946540073913,16.1560002923943,1.92711863488477,0.260910378311726,5.48000001907349,267.646736218501
"Morlaix 2_2008","MMX_2","Morlaix","Morlaix 2",2008,10485.347,0.851,3.557,46.434,3.121,2.52,11.8244390666198,15.297000251594,1.81434672680735,0.265705488710745,5.48000001907349,267.646736218501
"Morlaix 2_2009","MMX_2","Morlaix","Morlaix 2",2009,10485.347,0.851,3.557,46.434,3.121,2.52,12.3647100222276,16.6423336488272,2.6760172991574,0.262750555236739,5.48000001907349,267.646736218501
"Morlaix 2_2010","MMX_2","Morlaix","Morlaix 2",2010,20.897,1.182,3.557,11.37,23.57,2.12,10.8382659778847,15.3023335851807,2.14528930165933,0.265486652039835,5.48000001907349,267.646736218501
"Morlaix 2_2011","MMX_2","Morlaix","Morlaix 2",2011,10485.347,0.851,3.361,53.84,5.36,2.52,11.6222876228421,16.0190002858872,2.2378561087562,0.269938458239304,5.48000001907349,267.646736218501
"Morlaix 2_2012","MMX_2","Morlaix","Morlaix 2",2012,3437.319,0.992,3.361,41.53,5.36,2.52,12.1741377844254,15.359333587888,1.52498957693256,0.272371995213223,5.48000001907349,267.646736218501
"Morlaix 2_2013","MMX_2","Morlaix","Morlaix 2",2013,10485.347,0.851,3.633,58.974,5.439,4.61,13.1293677162046,16.9243336622215,2.32666539759456,0.275088307200416,5.48000001907349,267.646736218501
"Morlaix 2_2014","MMX_2","Morlaix","Morlaix 2",2014,21746.15,0.803,2.468,53.84,1.45,1.48,12.5997583652401,16.0946669561478,2.17314776985579,0.270675273389632,5.48000001907349,267.646736218501
"Morlaix 2_2015","MMX_2","Morlaix","Morlaix 2",2015,20191.815,0.847,2.515,56.556,1.68,2.48,13.6053005375429,17.4173336856378,2.40575885908295,0.274370530948455,5.48000001907349,267.646736218501
"Morlaix 2_2016","MMX_2","Morlaix","Morlaix 2",2016,4672.629,1.08,3.373,45.999,7.992,2.11,12.8533188969097,16.5196669763342,1.89773012603912,0.274038110597726,5.48000001907349,267.646736218501
"Morlaix 2_2017","MMX_2","Morlaix","Morlaix 2",2017,4129.766,0.667,3.351,42.66,1.92,2.48,12.4717730111758,17.118333671436,2.29992774168863,0.279113228055779,5.48000001907349,267.646736218501
"Morlaix 2_2018","MMX_2","Morlaix","Morlaix 2",2018,2149.384,0.686,2.632,28.873,0.62,4.34,13.4068758374936,17.0393336676837,2.43354201642437,0.272581411889421,5.48000001907349,267.646736218501
"Morlaix 3_2007","MMX_3","Morlaix","Morlaix 3",2007,20730.32,1.054,1.914,49.575,1.18,2.62,13.3946540073913,16.1560002923943,1.92711863488477,0.260910378311726,5.04000005722046,234.692896934599
"Morlaix 3_2008","MMX_3","Morlaix","Morlaix 3",2008,291.199,0.924,3.282,18.796,6.531,0.1597,11.8244390666198,15.297000251594,1.81434672680735,0.265705488710745,5.04000005722046,234.692896934599
"Morlaix 3_2009","MMX_3","Morlaix","Morlaix 3",2009,23022.728,1.023,2.073,42.716,1.18,2.03,12.3647100222276,16.6423336488272,2.6760172991574,0.262750555236739,5.04000005722046,234.692896934599
"Morlaix 3_2010","MMX_3","Morlaix","Morlaix 3",2010,5625.552,1.023,2.073,33.537,3.19,2.52,10.8382659778847,15.3023335851807,2.14528930165933,0.265486652039835,5.04000005722046,234.692896934599
"Morlaix 3_2011","MMX_3","Morlaix","Morlaix 3",2011,21796.668,1.023,1.914,42.716,1.2,2.52,11.6222876228421,16.0190002858872,2.2378561087562,0.269938458239304,5.04000005722046,234.692896934599
"Morlaix 3_2012","MMX_3","Morlaix","Morlaix 3",2012,23022.728,1.504,1.688,52.69,3.04,2.03,12.1741377844254,15.359333587888,1.52498957693256,0.272371995213223,5.04000005722046,234.692896934599
"Morlaix 3_2013","MMX_3","Morlaix","Morlaix 3",2013,12808.337,0.805,2.463,42.716,0.98,1.55,13.1293677162046,16.9243336622215,2.32666539759456,0.275088307200416,5.04000005722046,234.692896934599
"Morlaix 3_2014","MMX_3","Morlaix","Morlaix 3",2014,2565.924,0.612,3.93,40.548,2.459,2.7,12.5997583652401,16.0946669561478,2.17314776985579,0.270675273389632,5.04000005722046,234.692896934599
"Morlaix 3_2015","MMX_3","Morlaix","Morlaix 3",2015,33218.35,1.234,1.754,59.064,1.2,2.03,13.6053005375429,17.4173336856378,2.40575885908295,0.274370530948455,5.04000005722046,234.692896934599
"Morlaix 3_2016","MMX_3","Morlaix","Morlaix 3",2016,21796.668,0.957,2.108,56.664,0.68,2.07,12.8533188969097,16.5196669763342,1.89773012603912,0.274038110597726,5.04000005722046,234.692896934599
"Morlaix 3_2017","MMX_3","Morlaix","Morlaix 3",2017,12404.066,0.729,2.285,44.44,1.23,1.87,12.4717730111758,17.118333671436,2.29992774168863,0.279113228055779,5.04000005722046,234.692896934599
"Morlaix 3_2018","MMX_3","Morlaix","Morlaix 3",2018,36847.18,0.942,1.938,59.468,0.67,2.05,13.4068758374936,17.0393336676837,2.43354201642437,0.272581411889421,5.04000005722046,234.692896934599
"Rozegat 1_2007","MRZ_1","Rozegat","Rozegat 1",2007,29554.166,2.127,1.958,67.317,10.448,6.61,12.8043023309994,17.8870003746124,2.71331334111801,0.204375211324726,1.79999995231628,21.9251531359443
"Rozegat 1_2008","MRZ_1","Rozegat","Rozegat 1",2008,56895.826,1.331,1.317,80.622,2.03,4.2115,10.4843261099608,13.8003335138395,1.39047427018949,0.209629993450924,1.79999995231628,21.9251531359443
"Rozegat 1_2009","MRZ_1","Rozegat","Rozegat 1",2009,31574.961,1.777,1.58,63.924,4.77,5.36,11.74600909194,19.1346671005401,3.91430761388423,0.211510190316098,1.79999995231628,21.9251531359443
"Rozegat 1_2010","MRZ_1","Rozegat","Rozegat 1",2010,28953.511,1.53,1.624,57.74,4.35,5.16,9.8060819580025,15.3346669200497,2.44741872991522,0.211556844790539,1.79999995231628,21.9251531359443
"Rozegat 1_2011","MRZ_1","Rozegat","Rozegat 1",2011,436.496,1.053,4.518,49.005,20.372,4.34,11.3341996970707,17.7373337008369,3.26982726120681,0.218348577405654,1.79999995231628,21.9251531359443
"Rozegat 1_2012","MRZ_1","Rozegat","Rozegat 1",2012,7687.009,1.98,2.01,52.005,9.731,3.93,12.5667706137183,17.7606670352786,3.03355260520122,0.219236331420063,1.79999995231628,21.9251531359443
"Rozegat 1_2013","MRZ_1","Rozegat","Rozegat 1",2013,4413.115,1.566,2.469,44.686,10.959,4.04,13.0289623060301,19.6206671236238,3.58157617707256,0.220588017889955,1.79999995231628,21.9251531359443
"Rozegat 1_2014","MRZ_1","Rozegat","Rozegat 1",2014,333.734,0.672,4.458,34.373,0.88,4.54,12.6732163431872,19.14266710092,3.58841761125864,0.215097511939173,1.79999995231628,21.9251531359443
"Rozegat 1_2015","MRZ_1","Rozegat","Rozegat 1",2015,1953.389,1.356,3.082,44.076,15.108,5.85,12.0135587036975,19.0576670968827,3.39531884873951,0.21964650001495,1.79999995231628,21.9251531359443
"Rozegat 1_2016","MRZ_1","Rozegat","Rozegat 1",2016,13749.682,2.622,1.711,61.67,9.91,5,12.6149767007813,18.4626670686218,3.13901381057553,0.220851590410453,1.79999995231628,21.9251531359443
"Rozegat 1_2017","MRZ_1","Rozegat","Rozegat 1",2017,18673.661,1.738,1.871,53.865,5.501,5.11,11.5079890826146,19.3366671101345,3.16323610224651,0.226633680745192,1.79999995231628,21.9251531359443
"Rozegat 1_2018","MRZ_1","Rozegat","Rozegat 1",2018,2030.868,1.368,3.046,43.947,14.994,5.45,12.2184487540193,20.0460004771594,3.68891359252242,0.217478693962826,1.79999995231628,21.9251531359443
"Rozegat 2_2007","MRZ_2","Rozegat","Rozegat 2",2007,23679.623,2.937,1.651,64.686,12.231,5.94,12.7096512276026,18.1185003856081,2.78316979725191,0.160237934038556,1.60000002384186,19.9593098025875
"Rozegat 2_2009","MRZ_2","Rozegat","Rozegat 2",2009,706.518,2.016,2.151,49.015,17.422,4.69,11.6448973754257,19.4015004465473,4.00934789607382,0.1665243487483,1.60000002384186,19.9593098025875
"Rozegat 2_2010","MRZ_2","Rozegat","Rozegat 2",2010,235.459,0.728,9.499,46.79,25.52,4.81,9.68585517633575,15.1925002466305,2.47785868602964,0.165924294455286,1.60000002384186,19.9593098025875
"Rozegat 2_2011","MRZ_2","Rozegat","Rozegat 2",2011,177.16,0.598,16.908,50.29,36.063,7.66,11.2476099493682,18.055000382592,3.39080780764052,0.171545085726867,1.60000002384186,19.9593098025875
"Rozegat 2_2012","MRZ_2","Rozegat","Rozegat 2",2012,162.699,0.703,10.182,44.416,29.187,6.73,12.4609564010422,17.9620003781747,3.13001212916837,0.172768164469844,1.60000002384186,19.9593098025875
"Rozegat 2_2013","MRZ_2","Rozegat","Rozegat 2",2013,69.319,0.635,13.884,38.62,36.12,4.73,12.9704731140629,19.9635004732409,3.69793106292124,0.173179873566568,1.60000002384186,19.9593098025875
"Rozegat 2_2014","MRZ_2","Rozegat","Rozegat 2",2014,290.924,0.661,12.209,52.655,28.327,5.56,12.6145163403991,19.3855004457873,3.72428010944989,0.168579205731139,1.60000002384186,19.9593098025875
"Rozegat 2_2015","MRZ_2","Rozegat","Rozegat 2",2015,8044.115,1.833,2.292,65.247,13.991,4.6,11.8757143748059,19.2795004407526,3.44303928797078,0.172684684836096,1.60000002384186,19.9593098025875
"Rozegat 2_2016","MRZ_2","Rozegat","Rozegat 2",2016,2160.938,1.385,2.984,48.23,14.42,5.26,12.5423730937292,18.7030004133703,3.21061123628204,0.172998200553602,1.60000002384186,19.9593098025875
"Rozegat 2_2017","MRZ_2","Rozegat","Rozegat 2",2017,209.77,0.62,14.765,52.88,32.98,5.12,11.3882006153865,19.4645004495396,3.20933230007378,0.178411561333055,1.60000002384186,19.9593098025875
"Rozegat 2_2018","MRZ_2","Rozegat","Rozegat 2",2018,54792.132,1.958,1.928,68.698,7.463,6.66,12.1584487511695,20.5705005020718,3.82377458583843,0.170985379217059,1.60000002384186,19.9593098025875
"Rozegat 3_2007","MRZ_3","Rozegat","Rozegat 3",2007,13.035,0.539,23.772,45.751,48.69,7.92,12.7096512276026,18.1185003856081,2.78316979725191,0.128190347230845,1.30000001192093,19.1459084979209
"Rozegat 3_2009","MRZ_3","Rozegat","Rozegat 3",2009,1.4,0.531,25.072,40.08,53.99,9.09,11.6448973754257,19.4015004465473,4.00934789607382,0.13321947899864,1.30000001192093,19.1459084979209
"Rozegat 3_2010","MRZ_3","Rozegat","Rozegat 3",2010,193.887,0.558,20.697,56.17,37.27,6.34,9.68585517633575,15.1925002466305,2.47785868602964,0.132739435564229,1.30000001192093,19.1459084979209
"Rozegat 3_2011","MRZ_3","Rozegat","Rozegat 3",2011,159.76,0.566,24.559,51.68,41.62,9.35,11.2476099493682,18.055000382592,3.39080780764052,0.137236068581494,1.30000001192093,19.1459084979209
"Rozegat 3_2012","MRZ_3","Rozegat","Rozegat 3",2012,1.136,0.527,25.567,37.216,56.424,10.92,12.4609564010422,17.9620003781747,3.13001212916837,0.138214531575875,1.30000001192093,19.1459084979209
"Rozegat 3_2013","MRZ_3","Rozegat","Rozegat 3",2013,209022.521,5.545,1.322,86.851,10.519,9.37,12.9704731140629,19.9635004732409,3.69793106292124,0.138543898853255,1.30000001192093,19.1459084979209
"Rozegat 3_2014","MRZ_3","Rozegat","Rozegat 3",2014,1.072,0.526,26.436,33.713,58.576,8.61,12.6145163403991,19.3855004457873,3.72428010944989,0.134863364584911,1.30000001192093,19.1459084979209
"Rozegat 3_2015","MRZ_3","Rozegat","Rozegat 3",2015,1.016,0.523,27.143,32.297,59.484,9,11.8757143748059,19.2795004407526,3.44303928797078,0.138147747868877,1.30000001192093,19.1459084979209
"Rozegat 3_2016","MRZ_3","Rozegat","Rozegat 3",2016,5.047,0.515,28.086,40.404,49.025,7.19,12.5423730937292,18.7030004133703,3.21061123628204,0.138398560442882,1.30000001192093,19.1459084979209
"Rozegat 3_2017","MRZ_3","Rozegat","Rozegat 3",2017,1.237,0.522,27.465,35.536,56.964,7.56,11.3882006153865,19.4645004495396,3.20933230007378,0.142729249066444,1.30000001192093,19.1459084979209
"Rozegat 3_2018","MRZ_3","Rozegat","Rozegat 3",2018,1.416,0.53,25.722,37.38,55.008,8.93,12.1584487511695,20.5705005020718,3.82377458583843,0.136788303373647,1.30000001192093,19.1459084979209
"Saint-Brieuc 1_2007","MPP_1","Saint-Brieuc","Saint-Brieuc 1",2007,43056.793,0.692,2.541,58.406,0.43,1.64,12.9149854864397,18.2910003938014,2.92411285301438,0.580051903880889,22.6799999237061,300.000000000001
"Saint-Brieuc 1_2008","MPP_1","Saint-Brieuc","Saint-Brieuc 1",2008,51299.213,0.873,2.087,64.239,0.989,0.0809,11.8179199406271,17.3706670167545,2.86525613296372,0.585190400336099,22.6799999237061,300.000000000001
"Saint-Brieuc 1_2009","MPP_1","Saint-Brieuc","Saint-Brieuc 1",2009,51299.213,0.873,2.118,58.406,0.88,1.89,12.2636091165247,18.4063337326127,3.63256207146718,0.583240717245392,22.6799999237061,300.000000000001
"Saint-Brieuc 1_2010","MPP_1","Saint-Brieuc","Saint-Brieuc 1",2010,17509.571,0.715,2.453,47.154,0.88,2,9.89381784559414,16.0720002884045,3.02697883399598,0.588422719901177,22.6799999237061,300.000000000001
"Saint-Brieuc 1_2011","MPP_1","Saint-Brieuc","Saint-Brieuc 1",2011,19744.914,0.766,2.609,52.44,1.49,1.89,11.5189817571294,18.258000392234,3.89200677716979,0.595379226125899,22.6799999237061,300.000000000001
"Saint-Brieuc 1_2012","MPP_1","Saint-Brieuc","Saint-Brieuc 1",2012,10301.777,0.743,2.653,46.405,1.06,2.25,12.6576868293299,18.1400003866293,3.54544328340922,0.59639201361535,22.6799999237061,300.000000000001
"Saint-Brieuc 1_2013","MPP_1","Saint-Brieuc","Saint-Brieuc 1",2013,12881.495,0.843,2.464,42.328,2.09,2.13,13.688937112152,19.0573337635336,3.58635266169889,0.605636971710454,22.6799999237061,300.000000000001
"Saint-Brieuc 1_2014","MPP_1","Saint-Brieuc","Saint-Brieuc 1",2014,137277.013,0.922,1.984,73.083,0.71,1.89,12.497093525199,17.9130003758473,3.11144877093637,0.597321679598075,22.6799999237061,300.000000000001
"Saint-Brieuc 1_2015","MPP_1","Saint-Brieuc","Saint-Brieuc 1",2015,70349.197,0.813,2.797,70.526,3.169,2.26,12.5400257616704,19.3710004450986,3.54043990675607,0.606016378743456,22.6799999237061,300.000000000001
"Saint-Brieuc 1_2016","MPP_1","Saint-Brieuc","Saint-Brieuc 1",2016,26783.19,0.772,2.47,58.49,0.57,1.77,12.7255575065062,18.033000381547,2.87838659354001,0.602846811377376,22.6799999237061,300.000000000001
"Saint-Brieuc 1_2017","MPP_1","Saint-Brieuc","Saint-Brieuc 1",2017,11899.576,0.677,2.427,38.89,1.04,1.96,12.4502656841469,19.4713337831975,3.50816715633632,0.610933762407334,22.6799999237061,300.000000000001
"Saint-Brieuc 1_2018","MPP_1","Saint-Brieuc","Saint-Brieuc 1",2018,15358.928,0.669,2.987,49.01,1.31,1.57,12.9381045351569,19.0746670976902,3.73851694513053,0.604407510010087,22.6799999237061,300.000000000001
"Saint-Brieuc 2_2007","MPP_2","Saint-Brieuc","Saint-Brieuc 2",2007,25793.114,0.745,2.694,53.519,1.62,1.53,12.8944424451709,18.2970003940864,2.89986146290603,0.497472438949485,13.4400001525879,300.000000000003
"Saint-Brieuc 2_2008","MPP_2","Saint-Brieuc","Saint-Brieuc 2",2008,41790.677,0.715,2.446,55.708,0.317,0.2505,11.7748593739188,17.2547503445821,2.84182403486529,0.502095467835579,13.4400001525879,300.000000000003
"Saint-Brieuc 2_2009","MPP_2","Saint-Brieuc","Saint-Brieuc 2",2009,34788.451,0.736,2.462,54.659,0.92,1.65,12.2137109159564,18.437000400736,3.62902327323195,0.500535956353844,13.4400001525879,300.000000000003
"Saint-Brieuc 2_2010","MPP_2","Saint-Brieuc","Saint-Brieuc 2",2010,48584.12,0.579,3.547,60.556,1.43,1.52,9.85619808060147,16.0082502853766,2.97784079848419,0.504718042540624,13.4400001525879,300.000000000003
"Saint-Brieuc 2_2011","MPP_2","Saint-Brieuc","Saint-Brieuc 2",2011,16021.167,0.781,2.502,49.675,1.1,2.32,11.4800316637043,18.2695003927802,3.86292505283689,0.510931920030085,13.4400001525879,300.000000000003
"Saint-Brieuc 2_2012","MPP_2","Saint-Brieuc","Saint-Brieuc 2",2012,15852.468,0.902,2.13,44.16,1.02,2.1,12.6304085948831,18.1037503849075,3.50828585159199,0.511837991649323,13.4400001525879,300.000000000003
"Saint-Brieuc 2_2013","MPP_2","Saint-Brieuc","Saint-Brieuc 2",2013,47391.015,0.828,2.396,62.53,2.39,2.54,13.6296217940194,19.0807504313125,3.5977900523719,0.519886444706353,13.4400001525879,300.000000000003
"Saint-Brieuc 2_2014","MPP_2","Saint-Brieuc","Saint-Brieuc 2",2014,24967.683,0.779,2.462,54.659,0.92,2.26,12.4513462702788,17.9027503753605,3.11302367341839,0.512280144108479,13.4400001525879,300.000000000003
"Saint-Brieuc 2_2015","MPP_2","Saint-Brieuc","Saint-Brieuc 2",2015,29578.191,0.734,2.356,50.775,0.75,2.13,12.501419074855,19.4192504473904,3.5150383165814,0.519944796331939,13.4400001525879,300.000000000003
"Saint-Brieuc 2_2016","MPP_2","Saint-Brieuc","Saint-Brieuc 2",2016,13367.565,0.791,2.469,42.784,0.87,2.26,12.6924359202336,18.0507503823901,2.85893287144615,0.516734549774643,13.4400001525879,300.000000000003
"Saint-Brieuc 2_2017","MPP_2","Saint-Brieuc","Saint-Brieuc 2",2017,12833.818,0.685,2.377,39.19,0.87,1.95,12.4180866533145,19.479750450264,3.4795306859078,0.524378304264144,13.4400001525879,300.000000000003
"Saint-Brieuc 2_2018","MPP_2","Saint-Brieuc","Saint-Brieuc 2",2018,13234.945,0.791,2.411,40.17,1.15,1.6,12.8810619500299,19.0567504301725,3.72065868345327,0.51854271272623,13.4400001525879,300.000000000003
"Saint-Brieuc 3_2007","MPP_3","Saint-Brieuc","Saint-Brieuc 3",2007,42651.501,0.829,2.154,57.299,0.58,2.36,12.9149854864397,18.2910003938014,2.92411285301438,0.580051903880889,20.1500000953674,300.000000000001
"Saint-Brieuc 3_2008","MPP_3","Saint-Brieuc","Saint-Brieuc 3",2008,31363.312,0.585,3.395,56.937,0.251,0.2181,11.8179199406271,17.3706670167545,2.86525613296372,0.585190400336099,20.1500000953674,300.000000000001
"Saint-Brieuc 3_2009","MPP_3","Saint-Brieuc","Saint-Brieuc 3",2009,42651.501,0.684,2.488,55.8,0.58,2,12.2636091165247,18.4063337326127,3.63256207146718,0.583240717245392,20.1500000953674,300.000000000001
"Saint-Brieuc 3_2010","MPP_3","Saint-Brieuc","Saint-Brieuc 3",2010,112272.768,0.641,2.721,71.113,0.59,1.55,9.89381784559414,16.0720002884045,3.02697883399598,0.588422719901177,20.1500000953674,300.000000000001
"Saint-Brieuc 3_2011","MPP_3","Saint-Brieuc","Saint-Brieuc 3",2011,15306.579,0.76,2.522,42.97,0.81,2,11.5189817571294,18.258000392234,3.89200677716979,0.595379226125899,20.1500000953674,300.000000000001
"Saint-Brieuc 3_2012","MPP_3","Saint-Brieuc","Saint-Brieuc 3",2012,8466.174,1.043,1.936,31.183,0.74,1.84,12.6576868293299,18.1400003866293,3.54544328340922,0.59639201361535,20.1500000953674,300.000000000001
"Saint-Brieuc 3_2013","MPP_3","Saint-Brieuc","Saint-Brieuc 3",2013,14292.761,0.937,2.12,40.728,0.96,1.94,13.688937112152,19.0573337635336,3.58635266169889,0.605636971710454,20.1500000953674,300.000000000001
"Saint-Brieuc 3_2014","MPP_3","Saint-Brieuc","Saint-Brieuc 3",2014,26356.176,0.772,2.488,52.1,0.58,2,12.497093525199,17.9130003758473,3.11144877093637,0.597321679598075,20.1500000953674,300.000000000001
"Saint-Brieuc 3_2015","MPP_3","Saint-Brieuc","Saint-Brieuc 3",2015,12120.259,0.998,2.049,35.534,1.32,2.12,12.5400257616704,19.3710004450986,3.54043990675607,0.606016378743456,20.1500000953674,300.000000000001
"Saint-Brieuc 3_2016","MPP_3","Saint-Brieuc","Saint-Brieuc 3",2016,8309.005,1.047,1.994,28.56,0.93,2.04,12.7255575065062,18.033000381547,2.87838659354001,0.602846811377376,20.1500000953674,300.000000000001
"Saint-Brieuc 3_2017","MPP_3","Saint-Brieuc","Saint-Brieuc 3",2017,5105.811,0.886,1.962,26.273,0.77,1.81,12.4502656841469,19.4713337831975,3.50816715633632,0.610933762407334,20.1500000953674,300.000000000001
"Saint-Brieuc 3_2018","MPP_3","Saint-Brieuc","Saint-Brieuc 3",2018,27709.924,0.537,3.349,51.185,0.55,2.16,12.9381045351569,19.0746670976902,3.73851694513053,0.604407510010087,20.1500000953674,300.000000000001
"Trevignon 1_2007","MTR_1","Trevignon","Trevignon 1",2007,228971.528,3.086,1.627,85.227,8.939,4.3652,13.8453573255018,18.2670003926614,2.6480368354796,0.0769947672150595,11.8799999237061,209.932860800687
"Trevignon 1_2008","MTR_1","Trevignon","Trevignon 1",2008,931.732,0.974,5.949,59.679,20.291,0.5009,11.7925356042666,15.4810002603335,2.20476998446635,0.0839343739020677,11.8799999237061,209.932860800687
"Trevignon 1_2009","MTR_1","Trevignon","Trevignon 1",2009,246384.896,4.241,1.365,87.87,6.29,3.44,12.6816839111569,17.6880003651604,3.32372395778097,0.0757184161178098,11.8799999237061,209.932860800687
"Trevignon 1_2010","MTR_1","Trevignon","Trevignon 1",2010,583.63,0.931,6.438,56.904,22.118,3.42,10.6396748937709,17.6005003610044,2.80325130283467,0.0745649062844578,11.8799999237061,209.932860800687
"Trevignon 1_2011","MTR_1","Trevignon","Trevignon 1",2011,774.023,1.044,5.26,58.266,20.762,3.83,11.5766539210409,16.1920002941042,2.75968140240148,0.0719039545076718,11.8799999237061,209.932860800687
"Trevignon 1_2012","MTR_1","Trevignon","Trevignon 1",2012,384.9,0.669,11.759,54.345,25.553,4.76,13.2889537081295,17.5195003571571,2.8176175318101,0.0750021555370915,11.8799999237061,209.932860800687
"Trevignon 1_2013","MTR_1","Trevignon","Trevignon 1",2013,446921.156,0.704,1.622,98.22,1.34,3.52,13.5920001706108,19.1085004326305,2.63560404853124,0.0747186013202019,11.8799999237061,209.932860800687
"Trevignon 1_2014","MTR_1","Trevignon","Trevignon 1",2014,20993.188,3.282,1.638,79.234,12.334,3.88,12.2637088987292,17.6725003644242,2.55388391978821,0.0807181250206116,11.8799999237061,209.932860800687
"Trevignon 1_2015","MTR_1","Trevignon","Trevignon 1",2015,6698.65,1.019,5.105,65.133,14.379,3.88,13.2109259766866,18.8660004211124,3.04806117662141,0.0749214501181787,11.8799999237061,209.932860800687
"Trevignon 1_2016","MTR_1","Trevignon","Trevignon 1",2016,83520.85,2.014,2.179,79.24,10.43,3.93,13.6603163900719,17.6620003639255,2.43261579127618,0.0720986138827815,11.8799999237061,209.932860800687
"Trevignon 1_2017","MTR_1","Trevignon","Trevignon 1",2017,8581.459,1.335,3.471,65.727,14.271,3.57,12.9340271663858,17.3970003513386,2.7311293329651,0.0766943929354732,11.8799999237061,209.932860800687
"Trevignon 1_2018","MTR_1","Trevignon","Trevignon 1",2018,459280.577,0.871,1.666,93.779,1.13,7.6,12.3513379495204,15.868000278715,2.04662147746115,0.0742994188394158,11.8799999237061,209.932860800687
"Trevignon 2_2007","MTR_2","Trevignon","Trevignon 2",2007,3328.333,1.234,3.994,70.201,17.351,5.0245,13.8453573255018,18.2670003926614,2.6480368354796,0.0769947672150595,12.1200000762939,241.973145240358
"Trevignon 2_2008","MTR_2","Trevignon","Trevignon 2",2008,1639.081,1.039,5.245,60.659,18.732,0.248,11.7925356042666,15.4810002603335,2.20476998446635,0.0839343739020677,12.1200000762939,241.973145240358
"Trevignon 2_2009","MTR_2","Trevignon","Trevignon 2",2009,15737.779,2.742,1.805,78.958,12.191,4.54,12.6816839111569,17.6880003651604,3.32372395778097,0.0757184161178098,12.1200000762939,241.973145240358
"Trevignon 2_2010","MTR_2","Trevignon","Trevignon 2",2010,21499.245,2.609,4.239,73.9,17.351,4.54,10.6396748937709,17.6005003610044,2.80325130283467,0.0745649062844578,12.1200000762939,241.973145240358
"Trevignon 2_2011","MTR_2","Trevignon","Trevignon 2",2011,1541.435,0.943,6.231,57.49,19.1,4.92,11.5766539210409,16.1920002941042,2.75968140240148,0.0719039545076718,12.1200000762939,241.973145240358
"Trevignon 2_2012","MTR_2","Trevignon","Trevignon 2",2012,1035.713,1.026,5.487,66.13,21.45,4.17,13.2889537081295,17.5195003571571,2.8176175318101,0.0750021555370915,12.1200000762939,241.973145240358
"Trevignon 2_2013","MTR_2","Trevignon","Trevignon 2",2013,292606.836,2.618,1.818,82.85,10.32,4.81,13.5920001706108,19.1085004326305,2.63560404853124,0.0747186013202019,12.1200000762939,241.973145240358
"Trevignon 2_2014","MTR_2","Trevignon","Trevignon 2",2014,2173.078,1.191,4.239,73.9,18.82,4.6,12.2637088987292,17.6725003644242,2.55388391978821,0.0807181250206116,12.1200000762939,241.973145240358
"Trevignon 2_2015","MTR_2","Trevignon","Trevignon 2",2015,31132.723,2.609,1.878,79.612,13.109,4.23,13.2109259766866,18.8660004211124,3.04806117662141,0.0749214501181787,12.1200000762939,241.973145240358
"Trevignon 2_2016","MTR_2","Trevignon","Trevignon 2",2016,196142.495,2.626,1.811,83.752,10.229,4.45,13.6603163900719,17.6620003639255,2.43261579127618,0.0720986138827815,12.1200000762939,241.973145240358
"Trevignon 2_2017","MTR_2","Trevignon","Trevignon 2",2017,2068.046,0.886,7.168,69.483,20.488,5.07,12.9340271663858,17.3970003513386,2.7311293329651,0.0766943929354732,12.1200000762939,241.973145240358
"Trevignon 2_2018","MTR_2","Trevignon","Trevignon 2",2018,2657.65,0.812,8.47,67.023,19.314,4.6,12.3513379495204,15.868000278715,2.04662147746115,0.0742994188394158,12.1200000762939,241.973145240358
"Trevignon 3_2007","MTR_3","Trevignon","Trevignon 3",2007,135932.01,3.191,1.587,84.815,8.635,4.5024,13.8453573255018,18.2670003926614,2.6480368354796,0.0769947672150595,13.0333334604899,241.959849365476
"Trevignon 3_2008","MTR_3","Trevignon","Trevignon 3",2008,2231.25,3.358,1.656,77.314,16.857,0.1484,11.7925356042666,15.4810002603335,2.20476998446635,0.0839343739020677,13.0333334604899,241.959849365476
"Trevignon 3_2009","MTR_3","Trevignon","Trevignon 3",2009,15683.114,2.117,2.182,77.832,13.539,4.97,12.6816839111569,17.6880003651604,3.32372395778097,0.0757184161178098,13.0333334604899,241.959849365476
"Trevignon 3_2010","MTR_3","Trevignon","Trevignon 3",2010,135463.973,3.408,1.604,84.002,12.209,3.67,10.6396748937709,17.6005003610044,2.80325130283467,0.0745649062844578,13.0333334604899,241.959849365476
"Trevignon 3_2011","MTR_3","Trevignon","Trevignon 3",2011,270.987,0.611,15.281,51.71,29.64,4.24,11.5766539210409,16.1920002941042,2.75968140240148,0.0719039545076718,13.0333334604899,241.959849365476
"Trevignon 3_2012","MTR_3","Trevignon","Trevignon 3",2012,206.109,0.661,14.857,49.15,28.984,5.11,13.2889537081295,17.5195003571571,2.8176175318101,0.0750021555370915,13.0333334604899,241.959849365476
"Trevignon 3_2013","MTR_3","Trevignon","Trevignon 3",2013,696.289,0.806,8.933,62.234,24.428,4.52,13.5920001706108,19.1085004326305,2.63560404853124,0.0747186013202019,13.0333334604899,241.959849365476
"Trevignon 3_2014","MTR_3","Trevignon","Trevignon 3",2014,5337.424,1.811,2.505,72.02,14.76,4.68,12.2637088987292,17.6725003644242,2.55388391978821,0.0807181250206116,13.0333334604899,241.959849365476
"Trevignon 3_2015","MTR_3","Trevignon","Trevignon 3",2015,8678.743,1.68,2.74,74.607,15.872,4.68,13.2109259766866,18.8660004211124,3.04806117662141,0.0749214501181787,13.0333334604899,241.959849365476
"Trevignon 3_2016","MTR_3","Trevignon","Trevignon 3",2016,928.883,0.864,7.53,58.534,20.818,3.57,13.6603163900719,17.6620003639255,2.43261579127618,0.0720986138827815,13.0333334604899,241.959849365476
"Trevignon 3_2017","MTR_3","Trevignon","Trevignon 3",2017,2676.148,2.064,2.317,75.02,19.27,5.75,12.9340271663858,17.3970003513386,2.7311293329651,0.0766943929354732,13.0333334604899,241.959849365476
"Trevignon 3_2018","MTR_3","Trevignon","Trevignon 3",2018,200.069,0.652,15.684,49.23,29.71,5.24,12.3513379495204,15.868000278715,2.04662147746115,0.0742994188394158,13.0333334604899,241.959849365476
